,name,lat,lon,area,elev_mean,elev_min,elev_10,elev_50,elev_90,elev_max
0,station_80005,53.19,0.1,156.0,87.0,14.6,65.9,619.5,509.6,212.0
1,station_21007,54.48,-2.35,278.05,213.0,145.9,67.1,397.8,218.8,546.1
2,station_55026,53.69,-1.81,2276.0,133.0,41.0,157.5,53.3,247.6,241.7
3,station_39009,51.91,-2.33,292.0,164.0,3.6,106.8,202.1,572.0,1182.5
4,station_72003,56.22,-3.36,84.63,544.0,160.0,42.8,227.9,152.0,283.6
5,station_28032,50.82,-1.55,58.59,174.0,64.2,161.2,135.1,101.9,276.6
6,station_38008,52.2,-2.39,1300.47,175.0,30.2,65.9,171.1,99.5,591.5
7,station_41010,52.33,-0.68,66.82,109.0,94.2,61.5,95.4,93.3,222.1
8,station_29006,54.29,-2.26,147.39,234.0,178.5,105.2,91.3,708.6,195.2
9,station_95002,52.79,1.46,56.16,220.0,5.7,271.4,80.4,748.1,720.2
10,station_12006,51.9,0.02,102.56,160.0,61.9,27.3,98.7,368.2,276.3
11,station_73016,51.38,-1.19,126.71,105.0,138.7,68.8,270.0,185.3,1263.2
12,station_55022,50.85,-3.89,174.0,74.0,128.2,99.9,100.7,472.7,293.6
13,station_33032,55.01,-3.12,274.04,61.0,9.5,50.4,457.8,419.3,170.6
14,station_33055,55.99,-4.58,185.48,58.0,40.8,310.5,274.7,279.0,463.4
15,station_80002,52.98,-2.52,227.45,175.0,126.2,24.6,415.9,137.1,878.2
16,station_21016,52.76,-1.16,379.51,59.0,18.7,88.3,32.1,500.2,641.2
17,station_42017,54.75,-2.03,21.15,57.0,10.0,41.7,42.8,417.6,341.5
18,station_2003,52.38,-2.32,89.26,467.0,9.1,63.3,41.8,492.6,156.0
19,station_84002,52.82,-0.57,360.76,142.0,33.0,325.8,68.1,432.1,154.2
20,station_77005,52.86,-1.65,531.53,93.0,41.2,204.2,124.3,240.5,1052.7
21,station_18019,56.0,-3.68,912.58,80.0,7.1,59.1,680.4,487.7,165.5
22,station_39018,55.31,-1.9,1092.41,233.0,174.4,70.7,84.0,552.3,392.2
23,station_33036,51.69,-1.67,417.01,118.0,5.7,40.8,140.6,219.1,266.2
24,station_42004,57.24,-2.72,107.3,32.0,97.5,72.7,72.9,130.4,346.9
25,station_22010,53.86,-2.82,622.68,242.0,20.3,34.9,110.5,279.1,225.0
26,station_23007,53.64,-1.79,59.91,189.0,274.1,42.3,96.6,125.5,124.7
27,station_76006,53.92,-1.36,51.06,208.0,29.5,50.1,124.6,541.1,172.4
28,station_64002,50.68,-2.19,202.54,142.0,11.1,96.9,365.2,216.6,205.3
29,station_69008,51.42,0.23,153.02,246.0,7.6,177.6,298.6,191.9,884.8
30,station_43018,51.13,0.45,124.47,330.0,52.9,34.0,104.9,420.0,260.0
31,station_39011,50.58,-3.9,188.08,98.0,16.2,133.2,39.0,429.3,135.3
32,station_27022,51.41,-0.3,100.7,362.0,92.8,39.1,303.0,199.2,650.0
33,station_34003,56.02,-2.82,9885.46,71.0,47.2,497.8,203.0,162.7,511.6
34,station_82002,54.27,-2.97,7.92,225.0,76.0,347.6,60.8,328.3,251.6
35,station_84009,57.4,-3.36,3480.0,129.0,9.1,73.1,47.4,487.5,1082.3
36,station_65008,52.07,0.47,8.82,170.0,11.2,29.0,122.7,235.3,223.2
37,station_50002,51.43,-0.25,528.18,122.0,99.3,72.7,156.7,608.8,1082.3
38,station_52011,52.71,-1.09,58.3,228.0,48.4,56.9,304.2,443.8,220.6
39,station_40006,56.61,-3.15,131.62,195.0,29.5,35.2,340.0,338.6,392.4
40,station_40008,53.73,-1.38,532.29,284.0,5.3,60.9,212.6,369.2,184.7
41,station_83010,50.73,-2.75,24.58,91.0,110.2,99.8,69.7,453.2,543.4
42,station_96002,56.39,-2.91,295.67,179.0,2.6,91.0,201.1,325.4,774.5
43,station_74002,55.04,-4.56,192.61,88.0,7.4,69.5,412.7,152.8,516.8
44,station_13002,55.33,-1.63,201.38,101.0,41.3,94.4,155.8,475.1,564.4
45,station_15013,51.15,-1.45,437.4,209.0,44.9,92.1,327.3,193.5,703.7
46,station_84015,51.92,-3.56,218.03,343.0,13.8,106.9,172.4,137.5,411.3
47,station_39144,56.26,-4.29,170.1,60.0,5.2,28.7,70.8,423.2,691.4
48,station_40012,56.99,-3.49,44.93,117.0,69.9,83.5,78.2,164.0,826.2
49,station_37032,51.49,-2.52,134.5,51.0,41.1,204.5,277.0,139.1,567.3
50,station_27088,50.91,0.04,478.43,231.0,19.4,13.1,137.9,234.5,774.5
51,station_41007,51.49,-3.56,232.46,81.0,18.4,20.7,200.9,562.4,580.3
52,station_52010,55.79,-2.19,340.75,72.0,65.6,158.0,27.4,398.1,736.4
53,station_84018,51.21,-0.5,74.03,144.0,25.8,28.4,126.8,601.9,226.1
54,station_84005,52.41,0.76,273.67,169.0,24.8,68.8,234.9,456.9,714.3
55,station_28024,55.17,-3.45,46.11,411.0,19.5,81.0,72.8,361.0,474.3
56,station_33007,50.91,0.29,60.09,238.0,36.3,24.0,214.1,497.5,702.6
57,station_28073,52.29,-0.22,79.92,108.0,36.6,52.8,140.9,70.6,591.5
58,station_25013,50.99,-0.67,133.45,59.0,11.9,57.3,115.1,504.7,656.7
59,station_52017,51.45,0.17,203.66,62.0,57.9,75.2,229.3,283.3,93.4
60,station_31007,51.75,-1.83,51.92,81.0,16.1,99.3,493.0,136.1,820.0
61,station_73011,55.39,-4.08,94.45,149.0,16.7,48.9,183.0,72.0,750.0
62,station_39026,56.61,-3.35,3580.76,181.0,80.1,91.5,172.4,119.8,194.3
63,station_85004,50.48,-4.6,50.4,268.0,53.3,92.5,32.3,413.6,133.2
64,station_12008,53.4,-2.06,584.66,303.0,60.6,257.8,43.3,193.9,611.6
65,station_47019,52.56,-1.98,53.33,224.0,224.3,202.4,649.0,153.1,913.5
66,station_49003,51.64,-0.46,203.81,408.0,248.0,61.4,86.8,518.5,675.1
67,station_22007,55.66,-3.71,555.45,273.0,32.3,140.4,57.2,217.4,736.4
68,station_56013,54.52,-1.6,325.72,135.0,57.2,377.7,408.5,412.0,1108.6
69,station_55003,51.2,0.52,41.27,180.0,68.9,167.8,310.0,446.3,659.7
70,station_54030,52.14,-0.32,141.77,117.0,85.6,19.3,119.8,535.3,250.1
71,station_69018,56.73,-2.66,288.56,108.0,12.5,132.5,81.8,396.1,722.7
72,station_101006,56.76,-5.82,22.07,206.0,34.5,150.0,284.2,444.5,95.8
73,station_27080,52.33,0.44,159.19,297.0,6.2,220.5,110.5,453.8,193.0
74,station_11005,57.04,-3.05,174.42,358.0,9.4,18.4,160.1,565.8,714.3
75,station_28092,54.39,-1.65,204.64,498.0,26.5,39.4,189.0,411.2,820.8
76,station_60013,53.9,-1.97,174.46,346.0,68.2,171.6,210.9,109.9,296.2
77,station_55019,51.67,-1.31,747.04,139.0,26.5,24.6,253.2,615.5,145.3
78,station_54018,50.93,-1.26,52.44,190.0,69.0,50.4,330.0,149.7,340.5
79,station_24004,51.68,-3.9,47.26,234.0,20.3,100.7,80.3,245.6,262.7
80,station_28067,54.96,-4.48,60.27,150.0,152.4,77.9,447.4,160.8,1160.3
81,station_54019,56.35,-3.55,23.68,349.0,49.9,46.8,373.6,165.1,304.6
82,station_15011,57.54,-2.85,19.5,104.0,58.4,33.3,269.5,154.4,745.2
83,station_39003,55.64,-3.76,113.98,143.0,535.1,127.5,258.0,358.6,843.0
84,station_79007,51.21,-0.8,228.23,43.0,222.4,301.5,104.6,209.0,935.7
85,station_15017,55.07,-4.4,30.04,138.0,4.7,15.5,136.0,71.6,707.0
86,station_27085,53.4,-0.96,4329.9,408.0,49.7,83.6,130.0,115.7,873.9
87,station_27035,54.95,-1.94,96.55,101.0,55.1,133.5,99.7,423.4,241.7
88,station_27066,50.83,0.18,30.61,260.0,9.9,40.1,455.7,87.9,523.7
89,station_66012,53.56,-1.47,193.84,210.0,27.8,74.2,385.7,184.2,1170.3
90,station_37019,52.98,-3.43,832.97,351.0,12.4,97.9,113.6,480.0,437.1
91,station_6009,50.9,0.38,59.59,138.0,8.8,79.3,365.7,69.1,546.1
92,station_28044,53.02,-2.16,571.36,306.0,89.8,98.6,80.0,281.8,92.3
93,station_23008,55.83,-4.54,74.93,292.0,73.6,40.2,139.1,89.8,521.7
94,station_33020,55.29,-3.42,1800.75,447.0,5.8,71.3,64.9,174.0,127.6
95,station_54081,51.86,-4.2,341.26,123.0,52.3,67.4,84.2,379.8,1005.8
96,station_43010,57.52,-3.45,897.59,217.0,17.2,97.9,131.8,706.8,903.4
97,station_28094,51.08,-1.86,72.23,82.0,47.1,150.5,74.1,535.5,355.5
98,station_83005,51.55,0.24,75.85,265.0,3.4,221.4,159.2,239.7,542.9
99,station_96005,51.61,0.52,1901.23,48.0,11.5,11.7,369.5,499.3,546.1
100,station_37009,50.86,-1.17,320.83,109.0,18.8,103.2,196.0,426.9,71.4
101,station_48006,57.08,-2.34,63.27,323.0,13.7,162.4,263.0,292.6,1210.0
102,station_15008,55.79,-4.27,345.98,79.0,8.7,187.1,337.0,54.8,252.9
103,station_39002,50.31,-3.8,32.33,110.0,12.1,108.2,98.7,370.5,243.1
104,station_34011,53.19,-2.88,1149.08,120.0,82.6,49.8,56.1,156.2,63.2
105,station_23017,57.53,-4.86,232.57,299.0,63.1,88.3,153.5,309.4,702.6
106,station_26004,53.08,-0.93,24.31,459.0,108.4,237.6,476.0,132.1,454.0
107,station_13009,54.48,-1.3,76.17,259.0,10.0,57.0,176.6,207.6,945.4
108,station_54058,53.41,-2.06,63.27,147.0,56.3,40.0,211.8,549.2,521.3
109,station_73012,53.85,-2.45,884.07,92.0,12.0,29.4,210.2,46.5,273.1
110,station_47015,52.11,-2.11,146.01,178.0,84.0,220.4,495.7,519.5,195.5
111,station_107002,53.25,-0.31,157.79,300.0,23.1,70.4,276.2,408.4,252.4
112,station_54037,52.27,-3.57,1505.54,292.0,70.3,205.5,120.3,324.7,748.7
113,station_69003,53.23,-3.34,96.92,192.0,21.3,74.9,377.0,129.2,884.7
114,station_21023,55.48,-2.55,225.65,82.0,20.9,37.9,236.5,199.1,286.4
115,station_27078,57.53,-1.83,119.43,100.0,16.2,148.3,171.3,80.4,456.4
116,station_34009,50.69,-1.29,44.24,47.0,39.8,259.7,95.1,180.2,330.2
117,station_19018,54.64,-3.35,23.55,137.0,17.5,15.1,73.5,564.4,279.0
118,station_33035,54.94,-2.51,786.11,109.0,47.3,218.1,42.1,148.1,826.2
119,station_39043,57.42,-2.8,56.72,175.0,221.1,101.7,396.6,710.2,317.2
120,station_25030,54.0,-0.46,65.44,125.0,233.9,27.1,312.9,218.7,294.7
121,station_54002,51.3,-1.81,147.74,46.0,7.2,101.6,78.4,208.6,515.6
122,station_42009,50.41,-4.33,255.12,86.0,39.5,59.5,113.5,89.6,276.8
123,station_58009,55.08,-4.38,157.74,322.0,67.1,232.9,104.2,52.3,666.5
124,station_38018,51.08,-1.52,725.9,374.0,44.6,425.1,156.6,125.4,1067.3
125,station_10003,56.82,-5.09,77.76,431.0,5.0,82.4,36.9,143.7,193.2
126,station_65002,51.71,-1.42,79.89,198.0,11.2,58.4,143.0,257.4,241.0
127,station_28047,56.6,-3.99,5.74,321.0,9.9,74.5,430.0,136.1,164.3
128,station_53007,54.27,-1.71,212.24,342.0,9.5,162.1,56.8,187.1,692.7
129,station_28082,51.85,-3.1,847.7,185.0,9.8,61.0,269.7,168.3,249.9
130,station_39121,56.33,-3.73,130.33,297.0,85.0,144.7,52.6,140.1,87.9
131,station_54033,50.94,-0.27,182.43,440.0,22.5,67.2,130.8,256.5,878.2
132,station_40018,53.96,-1.57,11.98,96.0,27.8,43.2,208.0,154.2,212.8
133,station_33029,53.11,-4.27,25.51,446.0,9.5,14.7,399.7,274.7,826.2
134,station_18009,51.69,-3.77,1144.7,83.0,7.0,144.6,125.9,468.9,116.9
135,station_54061,52.0,0.89,233.6,266.0,225.9,29.7,122.4,174.1,245.8
136,station_52006,57.32,-2.46,311.37,657.0,24.0,16.9,421.0,581.5,221.3
137,station_34007,52.35,-1.51,707.75,446.0,43.4,171.1,377.0,381.9,546.1
138,station_44010,51.76,0.01,38.22,316.0,14.6,52.9,118.6,489.9,93.2
139,station_39007,53.11,-3.79,1027.64,270.0,58.7,178.2,87.8,154.3,122.4
140,station_93002,52.58,0.34,197.06,292.0,2.5,30.4,156.2,271.9,220.5
141,station_20003,57.12,-3.9,117.53,270.0,7.0,130.8,197.2,480.0,193.6
142,station_41024,51.17,-1.79,344.34,121.0,6.2,29.8,273.8,412.5,219.2
143,station_38019,56.02,-3.88,1283.4,236.0,109.9,60.8,197.6,597.0,495.3
144,station_42002,51.62,-1.07,4.32,416.0,37.2,34.0,199.7,110.1,635.5
145,station_54004,50.44,-4.3,128.63,135.0,36.1,29.7,104.1,551.5,218.3
146,station_27033,56.1,-3.91,367.11,463.0,5.4,66.3,142.0,386.8,153.3
147,station_15040,51.53,-3.12,7.01,69.0,65.8,70.9,89.9,108.0,691.4
148,station_57006,51.74,-2.25,464.61,144.0,80.9,60.8,107.4,222.7,273.1
149,station_67034,53.23,-1.01,74.34,274.0,3.2,107.9,62.6,359.7,164.0
150,station_45004,53.94,-1.86,1110.11,335.0,119.4,110.9,541.6,429.5,291.4
151,station_4007,53.02,-0.75,89.16,90.0,33.3,87.8,75.5,342.1,272.3
152,station_27042,57.6,-5.01,139.95,137.0,15.1,123.4,146.1,125.0,153.0
153,station_27052,53.09,-2.49,19.6,195.0,11.5,77.0,63.6,390.4,600.1
154,station_33027,51.09,-1.27,742.26,183.0,63.9,18.0,462.3,547.8,293.5
155,station_41014,51.8,-0.14,106.42,98.0,79.4,144.8,69.9,151.4,245.1
156,station_50003,51.11,0.17,55.25,539.0,44.7,55.7,202.5,224.8,262.6
157,station_39070,50.79,-4.09,149.4,287.0,69.4,34.5,368.5,112.1,116.5
158,station_46006,53.97,-1.35,11.39,177.0,32.9,280.2,201.7,756.8,145.6
159,station_97003,53.0,-1.53,518.75,442.0,29.4,145.4,111.3,767.1,330.2
160,station_43019,51.4,-2.31,105.95,114.0,93.5,36.6,106.0,164.0,630.1
161,station_55033,54.92,-1.74,44.73,112.0,36.9,129.0,424.7,120.7,177.0
162,station_41023,53.22,-1.73,263.07,211.0,100.0,109.7,251.9,179.3,164.1
163,station_40010,56.22,-5.3,149.17,49.0,28.7,37.5,319.7,128.0,423.6
164,station_30016,51.42,-2.27,172.85,238.0,78.4,68.3,68.0,548.9,619.5
165,station_27008,53.37,0.01,189.62,318.0,42.7,122.7,281.0,256.3,157.0
166,station_72005,55.82,-4.11,107.53,162.0,20.1,79.0,72.9,152.0,317.2
167,station_43006,52.23,-2.73,404.56,309.0,70.6,24.9,88.0,208.8,521.7
168,station_25004,52.43,-3.55,2172.36,75.0,69.5,113.6,259.8,479.4,163.8
169,station_54026,52.3,-3.5,962.45,136.0,321.4,118.3,92.6,237.2,364.4
170,station_23012,51.19,-2.72,53.09,41.0,54.6,100.3,168.4,326.0,186.9
171,station_19011,56.46,-4.33,52.68,232.0,17.6,142.8,104.1,85.8,293.7
172,station_85005,55.23,-3.82,143.82,377.0,78.7,57.8,48.4,185.3,745.2
173,station_39055,56.48,-2.85,173.28,153.0,68.3,160.5,194.0,199.7,330.2
174,station_33024,52.76,-3.46,160.29,275.0,374.0,102.0,196.2,354.8,393.0
175,station_34006,54.02,-0.89,63.7,239.0,29.1,91.7,240.8,399.7,627.6
176,station_50009,51.97,0.94,72.11,,4.4,48.5,298.7,111.2,246.8
177,station_67007,51.77,0.59,126.74,105.0,81.6,194.8,116.7,91.1,482.3
178,station_7004,51.44,-2.75,150.12,408.0,180.1,61.0,248.2,524.9,573.4
179,station_15014,52.71,-2.61,43.45,154.0,22.9,88.4,413.3,280.6,231.8
180,station_39015,54.43,-3.49,15.73,255.0,5.4,66.4,98.7,123.5,122.3
181,station_44012,53.83,-1.77,510.94,151.0,60.5,30.0,363.9,104.9,223.9
182,station_41005,55.64,-2.69,192.41,305.0,10.7,39.5,161.5,437.3,411.2
183,station_5004,52.38,-4.07,90.09,675.0,81.2,15.9,95.4,149.1,1308.9
184,station_68006,51.88,-1.01,152.76,342.0,4.7,96.1,155.4,147.4,266.2
185,station_58013,54.13,-2.59,446.17,94.0,58.9,104.5,54.5,205.2,1067.3
186,station_34004,52.06,-1.97,475.94,108.0,8.5,24.0,188.4,149.8,71.3
187,station_26007,52.03,-1.33,272.2,318.0,38.8,268.8,124.1,131.8,206.6
188,station_27007,56.55,-3.33,20.62,108.0,109.9,267.0,60.4,725.5,291.4
189,station_15026,55.11,-4.97,62.67,330.0,6.0,79.7,53.1,417.0,143.5
190,station_54023,57.65,-3.35,66.95,68.0,93.7,41.7,148.8,174.1,160.6
191,station_60006,52.77,-2.84,340.11,121.0,31.5,52.0,94.9,417.9,226.1
192,station_14006,51.31,-2.28,57.59,145.0,66.0,220.2,240.5,121.0,890.3
193,station_56008,55.47,-4.36,179.98,73.0,88.8,143.1,121.3,286.8,1050.6
194,station_10004,51.26,1.03,215.63,449.0,31.4,149.8,107.5,174.0,551.9
195,station_71009,52.43,0.72,130.2,100.0,18.5,31.2,124.2,486.6,310.7
196,station_67002,50.95,0.08,66.96,243.0,162.9,159.2,84.4,154.0,551.0
197,station_54005,51.77,0.07,1483.65,453.0,76.5,247.1,365.6,749.7,1052.7
198,station_41013,50.66,-4.24,22.25,682.0,6.9,18.9,94.1,529.1,801.0
199,station_37012,51.09,-1.18,77.61,169.0,70.6,120.4,75.5,108.1,295.7
200,station_81007,56.77,-2.49,2.62,229.0,8.2,213.8,67.2,541.6,192.4
201,station_79004,52.05,-2.2,175.26,367.0,85.3,91.3,250.0,315.2,234.6
202,station_11004,53.02,-1.03,319.3,72.0,54.5,106.6,223.6,522.7,251.5
203,station_65007,56.7,-3.72,400.61,440.0,38.8,74.4,100.2,730.3,534.5
204,station_89003,53.36,-1.7,48.53,239.0,102.9,62.1,143.5,492.2,402.1
205,station_27002,51.59,-0.24,552.17,128.0,56.9,110.5,38.6,225.8,253.6
206,station_101003,51.78,-1.36,119.56,231.0,59.0,287.4,567.4,274.7,841.7
207,station_37002,57.35,-4.74,48.52,253.0,28.1,148.8,230.7,497.3,838.0
208,station_84010,56.66,-3.76,523.47,219.0,25.3,54.2,266.7,98.0,271.9
209,station_89004,50.76,-3.56,72.78,77.0,133.4,95.3,649.3,605.6,811.4
210,station_28025,52.03,-3.22,109.39,286.0,47.3,123.8,117.8,153.3,439.8
211,station_78007,53.3,-0.13,229.63,135.0,16.1,117.6,194.2,57.7,1306.1
212,station_64003,53.01,-4.1,34.24,113.0,4.8,101.6,100.5,492.3,125.2
213,station_39128,51.46,-2.07,85.25,174.0,15.2,573.9,226.2,143.1,252.4
214,station_54049,53.41,-1.42,363.76,340.0,32.6,20.7,210.4,307.0,776.8
215,station_65005,52.08,-3.97,216.4,361.0,79.6,45.3,64.1,149.3,372.7
216,station_28002,50.99,0.52,140.83,116.0,15.0,53.9,53.3,427.3,104.5
217,station_27044,51.82,-4.97,8.0,143.0,54.0,150.4,131.5,121.8,560.4
218,station_44003,52.68,0.55,40.31,319.0,40.6,98.4,65.8,115.9,750.0
219,station_16005,58.17,-5.15,194.81,387.0,17.9,79.4,95.3,262.8,508.1
220,station_28010,53.21,-1.61,183.86,242.0,8.0,48.2,34.8,942.7,580.3
221,station_84021,52.79,-3.11,228.91,81.0,54.5,67.5,119.4,136.4,1210.0
222,station_20004,53.43,-2.62,667.27,37.0,21.0,230.4,435.1,177.3,229.3
223,station_42007,52.09,-3.35,25.01,60.0,26.4,74.2,264.4,489.9,307.6
224,station_74007,50.65,-2.47,8.17,163.0,151.4,171.1,66.2,292.2,295.1
225,station_3004,51.14,-0.2,1037.39,339.0,54.9,115.1,226.1,394.7,631.2
226,station_17006,54.68,-1.82,1594.24,44.0,10.2,64.2,329.7,249.2,550.6
227,station_24005,54.93,-3.84,451.69,39.0,49.4,64.0,48.4,475.0,832.7
228,station_33014,50.96,-0.27,36.22,314.0,61.9,154.4,343.2,811.2,382.6
229,station_63002,54.67,-2.23,263.76,283.0,29.6,79.6,287.1,497.9,978.6
230,station_30005,53.53,-1.14,1626.76,138.0,18.5,76.1,203.1,254.1,423.3
231,station_50008,53.42,-2.14,82.8,159.0,14.7,96.8,186.0,390.9,212.0
232,station_53008,50.48,-4.8,1621.88,84.0,4.5,250.5,187.6,208.7,322.6
233,station_4006,55.74,-3.99,950.18,175.0,22.1,21.9,232.4,487.9,442.1
234,station_8005,56.34,-4.72,196.16,60.0,20.9,355.9,138.7,104.8,229.1
235,station_54039,52.06,-0.71,61.13,231.0,10.1,129.5,42.4,469.5,61.0
236,station_21027,54.0,-1.27,74.12,139.0,228.1,225.5,223.9,378.8,826.2
237,station_67016,51.14,-3.11,53.62,77.0,5.7,92.0,146.2,194.9,635.5
238,station_18002,52.38,0.78,111.67,125.0,3.4,54.1,118.4,519.0,416.1
239,station_33021,51.57,-0.48,137.81,65.0,34.2,103.9,205.8,182.4,893.2
240,station_54013,50.92,-1.16,15.4,85.0,6.6,122.1,45.6,857.6,330.2
241,station_21012,52.23,-0.95,8.85,245.0,14.9,75.0,336.7,276.4,383.0
242,station_43007,51.08,-2.59,43.9,46.0,10.2,188.2,334.5,744.5,978.6
243,station_66005,52.05,0.46,23.33,207.0,8.8,51.0,229.8,165.2,843.0
244,station_72010,52.84,-2.17,938.36,472.0,8.9,14.1,130.8,624.0,672.9
245,station_47010,52.18,-1.88,243.63,525.0,65.9,39.0,172.4,644.8,383.3
246,station_67019,55.91,-4.31,38.4,182.0,9.0,72.1,341.5,103.4,1078.4
247,station_36012,56.42,-3.51,58.77,232.0,43.9,85.5,77.2,236.6,205.0
248,station_28016,58.52,-3.49,9930.8,68.0,66.4,34.6,214.4,426.4,631.2
249,station_38030,52.47,-3.69,851.65,101.0,164.2,8.3,144.9,247.4,926.2
250,station_23002,57.3,-3.7,262.83,238.0,64.4,121.6,142.7,189.2,1308.9
251,station_54009,51.87,-0.15,8.75,155.0,57.2,65.4,85.6,489.5,238.0
252,station_39030,55.52,-3.7,1.63,343.0,87.9,32.9,74.8,376.9,304.6
253,station_57009,54.14,-2.73,497.56,48.0,5.0,67.4,160.1,133.5,151.3
254,station_34013,54.1,-1.46,74.23,338.0,18.0,76.1,47.0,114.4,891.9
255,station_21017,51.14,0.17,232.84,356.0,15.3,26.8,125.5,266.0,657.6
256,station_38013,51.88,-0.28,112.72,59.0,27.2,118.8,448.7,139.0,1103.4
257,station_21009,52.95,-1.08,70.04,179.0,7.0,21.5,294.1,110.6,710.8
258,station_54021,51.46,0.01,247.97,127.0,21.5,133.6,194.6,52.6,560.5
259,station_81005,52.14,0.15,31.51,193.0,84.1,61.6,47.5,452.4,515.2
260,station_79005,53.06,-1.44,55.72,124.0,6.6,53.1,112.4,84.9,659.7
261,station_4002,56.85,-2.29,19.29,153.0,83.9,113.3,306.9,170.6,514.2
262,station_39082,51.43,-1.07,127.62,452.0,16.0,107.4,167.4,196.5,94.6
263,station_36004,51.86,-1.3,324.54,142.0,5.8,49.0,326.1,335.1,331.3
264,station_14003,51.82,-4.56,148.15,304.0,39.6,94.7,77.1,164.1,330.2
265,station_41020,52.46,-3.49,209.94,273.0,23.8,230.9,60.5,655.8,295.7
266,station_32007,51.58,0.04,31.0,84.0,50.4,48.2,394.8,621.3,264.6
267,station_39013,51.42,-0.31,190.7,153.0,224.5,30.5,106.1,472.8,577.4
268,station_54016,51.87,-1.74,324.42,95.0,202.4,65.2,318.7,436.8,591.9
269,station_77004,56.37,-4.38,10.35,320.0,16.9,15.3,296.1,635.1,158.0
270,station_39024,55.92,-3.17,161.27,202.0,9.5,339.6,81.0,469.5,481.0
271,station_25002,55.87,-2.09,153.19,103.0,8.8,58.4,130.1,645.3,560.5
272,station_75018,52.68,-2.79,16.06,460.0,14.8,56.9,41.7,101.7,698.3
273,station_39145,58.01,-3.88,86.2,73.0,47.5,230.4,123.2,59.1,878.2
274,station_53019,52.96,-4.24,147.82,306.0,45.5,70.9,105.4,133.5,745.3
275,station_41017,50.53,-4.22,783.9,113.0,214.6,56.4,127.4,411.3,734.4
276,station_60004,56.14,-3.97,331.67,128.0,147.2,79.1,327.7,226.0,332.3
277,station_17002,55.25,-2.56,27.58,149.0,9.1,92.3,102.5,227.2,122.4
278,station_52007,57.56,-4.54,287.41,100.0,48.3,337.8,232.7,543.5,943.1
279,station_90004,50.51,-4.1,33.42,389.0,7.5,96.5,182.3,136.0,1006.2
280,station_21025,52.08,-2.56,44.43,125.0,79.3,50.9,344.2,127.7,666.9
281,station_8014,50.99,0.39,138.47,452.0,8.1,59.1,362.6,388.1,265.2
282,station_39066,52.83,-1.27,448.17,88.0,8.2,291.9,151.8,161.9,81.9
283,station_43009,51.65,-3.32,430.0,138.0,57.0,74.8,88.9,128.1,92.3
284,station_60011,52.97,-2.97,75.48,45.0,32.9,281.6,180.4,541.7,635.5
285,station_36011,50.16,-5.43,913.25,501.0,170.0,194.5,84.5,768.1,63.9
286,station_42012,51.77,-0.12,2566.31,75.0,72.9,199.3,335.6,128.0,714.3
287,station_39050,54.65,-2.61,99.87,283.0,158.7,67.4,73.1,280.0,125.2
288,station_17019,51.65,-3.33,67.08,212.0,124.1,112.7,304.9,273.7,840.8
289,station_85002,51.22,-0.57,579.03,98.0,4.4,79.8,181.0,450.4,195.5
290,station_21013,51.24,-0.58,116.17,89.0,3.1,86.1,92.2,195.0,703.7
291,station_28118,57.96,-4.7,70.06,420.0,17.3,61.5,420.6,226.6,376.4
292,station_27027,50.95,-0.53,22.27,77.0,19.0,86.7,453.0,673.5,884.7
293,station_37004,52.95,-1.83,1666.33,80.0,135.5,253.2,304.0,64.5,193.0
294,station_36007,51.14,1.29,103.16,65.0,93.1,274.1,115.5,580.4,293.7
295,station_2002,54.3,-3.24,39.49,147.0,86.2,17.8,305.9,545.6,380.4
296,station_55015,56.23,-3.95,509.94,315.0,17.7,138.9,309.2,81.2,714.4
297,station_54028,52.29,-1.55,19.02,99.0,45.5,34.5,194.3,456.9,1120.3
298,station_39102,53.49,-2.27,134.18,149.0,42.9,250.2,84.0,345.6,94.6
299,station_17005,55.67,-3.89,6864.88,42.0,60.0,73.0,151.2,415.2,623.8
300,station_28083,56.19,-4.06,58.52,207.0,17.3,187.4,181.2,706.2,1306.1
301,station_52016,54.28,-2.76,183.78,265.0,21.4,31.8,121.1,117.2,851.2
302,station_92002,52.64,-2.53,89.2,315.0,120.5,179.8,347.0,147.0,615.7
303,station_39096,54.15,-1.35,335.21,281.0,39.0,50.8,290.5,530.2,283.5
304,station_27091,52.64,-4.02,553.24,201.0,238.2,31.8,104.0,749.7,117.7
305,station_30013,51.32,-2.37,134.54,618.0,18.1,88.9,254.8,210.6,82.5
306,station_57005,56.82,-3.82,376.07,281.0,171.3,113.7,238.9,260.3,245.6
307,station_39079,51.75,-2.95,31.07,244.0,3.5,24.6,309.4,327.6,270.7
308,station_69028,58.14,-3.7,166.44,93.0,212.1,53.3,354.4,391.4,304.6
309,station_38002,51.6,-3.78,162.77,46.0,17.2,220.2,114.5,121.1,838.0
310,station_39029,55.83,-4.12,53.38,114.0,70.1,109.7,102.4,462.3,291.4
311,station_16002,51.18,-3.31,15.72,185.0,59.5,86.5,140.0,335.7,161.3
312,station_29004,53.2,-1.91,69.21,113.0,107.3,87.3,287.4,343.1,635.5
313,station_58003,54.07,-1.96,71.22,41.0,334.1,86.9,184.2,106.3,304.6
314,station_58002,57.33,-4.58,194.36,387.0,26.7,118.3,296.3,196.7,85.2
315,station_39006,55.96,-3.34,366.21,91.0,22.7,34.9,334.8,422.4,279.0
316,station_68005,52.8,-2.54,135.29,62.0,33.5,288.9,133.6,140.0,520.4
317,station_42027,55.91,-2.87,68.81,330.0,82.4,48.2,438.8,572.3,1120.0
318,station_37010,55.41,-3.14,180.56,124.0,9.5,69.2,107.1,68.2,65.3
319,station_40017,55.07,-2.92,263.52,327.0,9.4,24.7,79.0,120.8,229.3
320,station_89008,58.35,-4.64,1569.35,131.0,99.5,267.6,459.6,710.6,815.5
321,station_7007,54.61,-1.55,111.67,103.0,8.3,81.8,56.4,77.5,235.2
322,station_28034,53.14,-4.25,759.05,291.0,15.0,228.0,116.2,498.9,232.5
323,station_30012,53.41,-0.45,234.17,212.0,129.3,85.8,98.9,97.9,658.1
324,station_74008,55.59,-2.8,41.01,186.0,31.3,20.7,363.8,453.7,1160.3
325,station_31011,55.43,-2.76,105.36,76.0,24.0,135.6,344.4,398.4,603.3
326,station_45013,52.95,0.74,72.3,89.0,28.8,107.1,220.3,192.1,434.8
327,station_39106,51.02,-3.13,158.31,52.0,28.9,106.3,246.6,527.5,732.6
328,station_51002,51.5,-3.58,69.93,342.0,3.8,95.8,142.4,503.7,231.8
329,station_39057,58.48,-3.9,170.88,102.0,40.4,78.8,616.8,138.7,247.4
330,station_84019,53.09,-1.51,26.29,358.0,9.5,21.4,67.6,120.4,796.6
331,station_8010,51.14,-0.96,365.88,109.0,141.5,141.2,134.1,352.9,973.1
332,station_28019,51.88,0.37,73.64,158.0,15.4,67.5,236.4,138.1,258.4
333,station_39022,55.11,-1.62,49.85,115.0,10.5,145.6,168.1,160.6,195.7
334,station_26009,50.93,-2.26,7466.4,366.0,16.0,277.5,153.1,76.6,160.8
335,station_31024,51.8,0.63,259.37,121.0,85.4,279.4,172.5,537.6,183.1
336,station_32005,55.09,-4.39,99.46,318.0,196.3,34.9,260.0,648.0,94.3
337,station_18012,55.46,-4.59,690.78,274.0,47.3,364.5,45.6,175.8,851.4
338,station_33008,52.2,-1.6,2852.39,182.0,281.1,97.6,343.1,346.1,1120.0
339,station_28041,52.05,-4.56,3722.68,408.0,34.9,72.9,57.5,752.6,946.1
340,station_28056,52.36,1.18,578.25,99.0,71.4,24.1,212.1,314.1,485.7
341,station_40023,51.09,-0.41,151.63,408.0,57.4,187.3,93.8,511.0,391.6
342,station_41004,53.06,-1.78,216.66,175.0,86.6,114.8,66.4,262.7,266.2
343,station_76008,55.96,-4.15,146.14,120.0,8.0,159.4,327.9,650.9,1149.0
344,station_54050,51.7,-0.34,20.76,284.0,34.1,39.3,105.6,236.9,110.5
345,station_69016,53.77,-2.62,187.31,360.0,17.5,131.8,288.2,173.4,544.5
346,station_19002,51.57,-0.71,414.48,108.0,195.8,64.2,98.1,173.6,202.4
347,station_54008,52.8,0.49,142.68,97.0,84.6,100.0,142.3,179.9,235.2
348,station_106002,51.11,-1.88,83.95,308.0,5.2,63.6,157.2,95.4,153.2
349,station_49002,52.48,-1.73,618.21,51.0,109.4,28.7,281.5,354.3,182.5
350,station_18004,54.08,-2.72,502.23,84.0,52.8,58.9,98.9,231.4,578.0
351,station_76012,54.37,-3.34,469.04,146.0,8.4,50.3,144.5,178.9,247.3
352,station_83011,52.33,0.58,540.75,148.0,18.5,75.7,142.3,178.0,1063.1
353,station_67009,56.1,-4.64,329.07,108.0,-1.3,327.2,101.6,303.5,144.7
354,station_62002,54.7,-2.38,52.74,234.0,124.3,188.5,149.5,70.3,278.8
355,station_75005,54.42,-2.6,216.44,169.0,5.0,108.3,62.4,185.7,453.2
356,station_27063,52.91,-3.58,515.61,112.0,25.5,114.0,260.0,207.2,601.6
357,station_28049,51.79,0.17,83.87,356.0,8.1,89.0,338.8,487.7,245.6
358,station_39037,51.04,-0.9,361.6,592.0,68.4,197.9,263.8,169.1,301.2
359,station_38027,51.68,-0.65,139.21,167.0,24.3,25.4,92.9,145.6,691.6
360,station_72016,55.55,-2.47,11.35,75.0,129.8,58.5,51.9,182.6,750.0
361,station_21019,56.45,-4.85,252.07,109.0,2.5,191.2,136.0,181.8,615.4
362,station_78005,52.57,-1.2,151.63,188.0,15.4,29.5,473.0,122.3,540.2
363,station_15025,54.9,-2.95,243.99,115.0,10.3,190.3,191.5,124.3,135.2
364,station_83007,52.91,0.5,99.48,79.0,52.1,31.4,270.0,605.2,935.3
365,station_40034,54.19,-0.73,489.69,318.0,68.7,97.7,464.6,528.7,734.2
366,station_27039,51.6,-3.33,1124.62,352.0,54.8,48.3,100.0,427.2,117.3
367,station_59002,53.05,-1.79,1252.87,102.0,64.6,358.3,137.9,464.1,255.2
368,station_39036,52.64,-0.71,85.69,,44.0,242.4,73.4,476.9,264.6
369,station_82004,52.55,1.28,197.82,49.0,19.3,138.7,102.5,118.4,133.9
370,station_33033,51.2,-0.19,172.12,193.0,28.8,78.7,145.8,97.5,602.5
371,station_9005,52.62,-0.58,239.11,328.0,51.2,94.3,86.2,644.7,234.6
372,station_22002,57.43,-5.43,62.78,342.0,68.0,127.4,293.4,201.2,826.2
373,station_41028,52.33,-0.23,14.18,205.0,7.9,32.3,116.6,849.8,238.2
374,station_7003,51.74,0.48,107.02,312.0,6.4,38.6,177.0,359.7,875.4
375,station_25021,51.85,0.42,70.15,145.0,19.0,76.0,370.6,323.0,340.5
376,station_76015,57.03,-2.52,93.62,311.0,16.7,53.4,314.8,703.2,503.4
377,station_55027,52.6,-3.85,89.7,196.0,62.3,120.7,431.3,59.8,187.3
378,station_27024,52.86,-0.63,48.58,149.0,9.8,47.1,101.8,561.8,745.2
379,station_35004,52.05,-2.75,1045.1,161.0,37.4,47.6,128.9,111.6,610.8
380,station_80004,55.09,-2.48,539.63,77.0,309.1,189.9,322.2,128.7,635.5
381,station_69044,53.08,-2.99,64.55,485.0,6.5,152.9,321.9,382.0,516.3
382,station_53029,50.65,-1.25,1354.44,153.0,2.6,131.0,196.2,116.1,276.3
383,station_30002,59.11,-3.23,123.67,388.0,101.0,73.8,91.7,157.2,146.5
384,station_55014,53.23,-3.39,195.44,88.0,117.1,59.6,462.7,135.0,296.4
385,station_40021,57.55,-3.14,326.47,89.0,18.1,69.9,317.5,888.8,184.9
386,station_33023,52.28,-2.93,414.59,82.0,169.2,67.2,100.9,138.7,162.9
387,station_33015,55.54,-2.89,125.9,93.0,69.6,208.5,88.9,573.7,610.8
388,station_28053,53.44,-2.34,249.92,297.0,4.5,70.1,108.3,323.9,853.0
389,station_44002,50.95,-4.14,193.72,94.0,43.3,143.4,406.2,157.4,810.2
390,station_8007,55.65,-3.26,62.91,276.0,19.0,50.6,240.6,284.6,563.2
391,station_40005,51.99,-3.79,126.18,305.0,6.8,39.6,308.7,54.6,475.6
392,station_27072,57.36,-2.09,397.97,146.0,45.3,86.9,161.5,149.2,452.6
393,station_54096,53.49,-2.23,139.01,133.0,118.7,92.9,77.7,349.4,1160.3
394,station_28061,52.54,0.61,58.16,309.0,30.6,31.9,274.2,263.1,562.9
395,station_39142,51.02,-3.52,493.91,325.0,75.0,229.1,164.5,72.3,544.5
396,station_33054,54.86,-4.52,19.09,52.0,236.0,29.0,77.0,489.0,891.9
397,station_15022,54.73,-3.41,51.6,382.0,26.7,478.4,335.6,419.2,580.3
398,station_57008,53.85,-2.42,92.83,52.0,6.0,17.6,451.5,192.5,123.0
399,station_12003,53.98,-0.33,173.49,259.0,7.7,125.7,34.4,103.9,577.4
400,station_61002,53.86,-2.74,35.1,437.0,73.3,40.4,478.7,383.7,246.8
401,station_45005,52.68,-0.47,35.48,511.0,244.7,128.9,307.2,381.6,268.3
402,station_58010,51.44,-0.03,100.09,157.0,14.6,158.7,389.8,60.0,520.4
403,station_28075,50.84,-3.39,220.69,89.0,40.3,50.9,88.7,366.0,520.9
404,station_40013,50.69,-2.12,301.05,65.0,6.9,22.8,192.8,369.8,545.5
405,station_66002,51.41,-1.54,423.48,99.0,37.6,62.0,60.6,106.4,317.6
406,station_71007,52.86,-3.67,121.14,105.0,112.9,30.0,89.0,120.2,356.7
407,station_84014,52.82,1.25,40.97,431.0,23.8,29.8,75.0,186.5,372.5
408,station_45010,51.45,-1.23,212.72,259.0,28.1,147.5,99.2,563.0,195.8
409,station_13005,52.19,1.45,102.22,461.0,8.5,212.5,320.4,172.1,157.0
410,station_27048,52.38,1.27,1008.74,317.0,111.1,72.1,250.0,209.4,884.7
411,station_42025,50.94,-2.61,152.28,105.0,99.7,51.8,140.6,164.1,591.8
412,station_12009,54.24,-0.81,258.13,78.0,29.8,119.6,159.7,189.4,175.2
413,station_68002,53.38,-1.05,1894.26,104.0,117.7,80.2,264.9,81.0,276.8
414,station_27030,52.22,-2.98,241.13,197.0,48.6,48.9,346.3,707.4,170.9
415,station_71002,54.34,-2.73,781.77,109.0,25.7,94.2,79.3,94.3,222.0
416,station_27003,58.2,-6.42,183.79,245.0,13.1,37.6,110.0,414.0,195.5
417,station_39021,51.64,-1.18,103.3,73.0,6.4,36.2,123.0,76.9,714.3
418,station_31026,50.85,-0.76,139.36,340.0,43.3,143.8,84.8,530.6,525.9
419,station_80007,55.27,-3.8,664.25,395.0,229.8,240.0,80.1,679.4,597.2
420,station_37021,56.18,-3.08,185.6,31.0,37.3,158.7,296.0,213.8,713.1
421,station_9004,51.38,-2.38,273.75,86.0,69.4,49.5,87.6,162.2,568.7
422,station_39115,55.61,-4.33,1833.21,338.0,9.4,6.1,119.8,559.1,295.7
423,station_73006,53.27,-1.41,72.91,39.0,9.5,230.5,230.0,160.0,1342.6
424,station_72008,53.77,-0.65,25.26,429.0,47.7,153.5,262.3,913.6,553.9
425,station_81003,53.17,-2.49,985.37,173.0,13.1,307.3,91.7,181.9,580.3
426,station_38004,55.0,-1.6,323.05,143.0,61.1,130.0,264.5,461.7,561.9
427,station_55008,56.54,-4.81,196.71,105.0,21.5,154.9,97.5,650.0,550.5
428,station_28009,55.26,-4.81,184.23,122.0,9.2,36.2,313.5,488.1,122.7
429,station_46009,55.65,-4.69,119.37,192.0,9.3,46.9,70.4,252.9,651.7
430,station_84031,51.44,-1.59,44.93,155.0,42.9,79.8,124.9,427.4,708.8
431,station_69031,50.26,-5.06,118.93,127.0,16.4,9.2,441.1,175.7,674.8
432,station_47005,51.15,0.85,25.37,98.0,200.2,140.6,521.0,395.1,1105.6
433,station_84023,51.74,-1.12,123.5,376.0,30.4,40.8,84.7,324.3,241.8
434,station_18015,52.66,1.21,487.7,78.0,4.7,127.4,423.6,600.8,543.4
435,station_53023,52.04,-0.34,90.05,41.0,9.8,151.2,131.9,161.1,107.4
436,station_13008,51.67,-1.89,55.41,295.0,108.2,50.4,157.8,565.5,233.7
437,station_39089,56.71,-2.99,167.03,348.0,13.1,160.0,172.9,160.0,122.4
438,station_53010,50.81,-1.99,920.22,64.0,7.9,235.8,31.7,134.9,1133.4
439,station_41029,51.7,-3.72,364.88,121.0,267.7,110.0,184.3,185.4,532.6
440,station_28117,51.95,-2.23,1121.55,248.0,51.0,56.5,111.7,544.3,191.7
441,station_39017,53.61,-2.79,57.77,443.0,11.9,182.6,241.9,394.8,432.8
442,station_56002,57.6,-3.64,142.01,262.0,157.5,80.2,84.1,122.3,784.7
443,station_70003,52.31,-2.59,598.28,252.0,12.5,25.3,315.7,387.9,514.2
444,station_47009,50.75,-3.05,747.55,77.0,125.6,67.8,237.8,358.9,220.5
445,station_47002,55.95,-3.35,189.78,98.0,17.7,68.4,111.2,529.3,372.6
446,station_48005,51.0,-3.99,37.4,346.0,13.3,112.5,337.6,251.7,571.1
447,station_53014,50.65,-4.27,263.63,219.0,48.2,217.7,113.3,321.6,202.4
